{
    "associations": {
        "author": {
            "associatedType": "Author",
            "name": "BelongsTo",
            "targetName": "authorId"
        },
        "post": {
            "associatedType": "Post",
            "name": "BelongsTo",
            "targetName": "postId"
        }
    },
    "authRules": [],
    "fields": {
        "author": {
            "authRules": [],
            "isArray": false,
            "isEnum": false,
            "isModel": true,
            "isRequired": false,
            "javaClassForValue": "com.amplifyframework.core.model.SerializedModel",
            "name": "author",
            "targetType": "Author"
        },
        "id": {
            "authRules": [],
            "isArray": false,
            "isEnum": false,
            "isModel": false,
            "isRequired": true,
            "javaClassForValue": "java.lang.String",
            "name": "id",
            "targetType": "ID"
        },
        "post": {
            "authRules": [],
            "isArray": false,
            "isEnum": false,
            "isModel": true,
            "isRequired": false,
            "javaClassForValue": "com.amplifyframework.core.model.SerializedModel",
            "name": "post",
            "targetType": "Post"
        }
    },
    "indexes": {},
    "modelClass": "com.amplifyframework.core.model.SerializedModel",
    "name": "PostAuthorJoin",
    "pluralName": "PostAuthorJoins"
}
